use vk;

DROP TABLE IF EXISTS `users`;
CREATE TABLE `users` (
  `id` bigint(20) unsigned NOT NULL AUTO_INCREMENT,
  `firstname` varchar(50) COLLATE utf8_unicode_ci DEFAULT NULL,
  `lastname` varchar(50) COLLATE utf8_unicode_ci DEFAULT NULL COMMENT 'Фамиль',
  `email` varchar(120) COLLATE utf8_unicode_ci DEFAULT NULL,
  `phone` bigint(20) DEFAULT NULL,
  PRIMARY KEY (`id`),
  UNIQUE KEY `email` (`email`),
  KEY `users_phone_idx` (`phone`),
  KEY `users_firstname_lastname_idx` (`firstname`,`lastname`)
) ENGINE=InnoDB AUTO_INCREMENT=101 DEFAULT CHARSET=utf8 COLLATE=utf8_unicode_ci;

INSERT INTO `users` VALUES ('1','Coby','O\'Reilly','udoyle@example.org','803'),
('2','Viola','Glover','ngrant@example.net','0'),
('3','Sigmund','Ritchie','maximillian51@example.net','9872340146'),
('4','Miguel','Schaefer','willms.delbert@example.com','1'),
('5','Watson','Hermiston','dorothea05@example.org','0'),
('6','Frank','Rohan','daphney44@example.com','631220'),
('7','Cullen','Paucek','simeon30@example.net','902'),
('8','Darron','Hegmann','jenkins.george@example.net','1'),
('9','Kristin','Dickens','khaag@example.org','0'),
('10','Kylee','Wisoky','dare.holden@example.net','730'),
('11','Genesis','Senger','smitham.mark@example.net','835344493'),
('12','Annalise','D\'Amore','kbatz@example.org','76062'),
('13','Hollie','Thiel','vwilkinson@example.org','289824'),
('14','Lenna','Dare','hayes.raymundo@example.com','0'),
('15','Layne','O\'Kon','lspencer@example.org','885'),
('16','Elwyn','Schinner','mills.karlie@example.net','68'),
('17','Willie','Crona','kmorar@example.com','856'),
('18','Destin','Feil','little.stevie@example.com','45'),
('19','Ruth','Deckow','xkovacek@example.com','0'),
('20','Carley','Mayer','ycremin@example.com','162085'),
('21','Nickolas','Flatley','tristian.maggio@example.com','599622'),
('22','Meaghan','Senger','lina.witting@example.net','1'),
('23','Dominique','Zieme','alubowitz@example.org','394547'),
('24','Martine','Dietrich','feil.harley@example.net','21'),
('25','David','Parker','jakayla.reynolds@example.net','835'),
('26','Christopher','Waelchi','tremblay.jaqueline@example.com','0'),
('27','Victor','Little','ijones@example.com','14'),
('28','Stan','Fisher','schroeder.maximus@example.net','0'),
('29','Donna','Franecki','karianne.blanda@example.com','879268'),
('30','Brandi','Schumm','faustino.romaguera@example.org','1'),
('31','Karolann','Stoltenberg','swhite@example.com','651'),
('32','Kamron','Pouros','rippin.claud@example.org','1'),
('33','August','Walter','schroeder.helene@example.net','0'),
('34','Kyle','Roberts','skessler@example.com','676'),
('35','Hayley','Raynor','sawayn.parker@example.org','0'),
('36','Hollis','Klein','ofunk@example.com','326'),
('37','Rene','Kuhlman','kaitlin.hills@example.net','3859744605'),
('38','Florencio','Lehner','towne.samantha@example.com','4774700777'),
('39','Brant','Howell','qlabadie@example.org','1'),
('40','Adolphus','Jones','pstanton@example.com','0'),
('41','Lessie','Sporer','considine.adrienne@example.org','0'),
('42','Laurine','Aufderhar','raheem44@example.com','1'),
('43','Aliza','Waelchi','blanche.block@example.com','707867'),
('44','Charley','Stanton','ttorphy@example.net','851'),
('45','Mariela','Sauer','odie74@example.com','754778'),
('46','Jacky','Prosacco','kerluke.brett@example.org','578081'),
('47','Benedict','Shields','raheem.shanahan@example.org','0'),
('48','Estelle','Ziemann','sven42@example.org','1'),
('49','Daija','Gorczany','maurice65@example.com','1'),
('50','Curt','Muller','name.conroy@example.org','27390'),
('51','Jamel','Heathcote','ondricka.lon@example.org','5'),
('52','Cathy','Gleichner','murl.osinski@example.org','0'),
('53','Antonina','Ward','kkris@example.org','337'),
('54','Zion','Feeney','schulist.marie@example.net','0'),
('55','Charity','Ondricka','lbartell@example.org','314'),
('56','Kariane','Blick','lpowlowski@example.org','1'),
('57','Harmony','Langosh','keagan.bode@example.com','0'),
('58','Gayle','Ruecker','iwisoky@example.net','179711'),
('59','Jerome','Lowe','afunk@example.net','776'),
('60','Delmer','Gerhold','d\'amore.carole@example.org','1'),
('61','Deion','Kshlerin','shania55@example.net','762'),
('62','Bart','Fadel','chet94@example.net','0'),
('63','Garrett','Bednar','brandy43@example.net','243519'),
('64','Juliana','Schmeler','laury80@example.com','0'),
('65','Ryder','Towne','doug58@example.net','12603'),
('66','Hulda','Blanda','wyman.alvena@example.org','0'),
('67','Madalyn','Batz','darwin.quigley@example.org','0'),
('68','Keira','Terry','njacobi@example.com','92'),
('69','Brenda','Schmitt','chuels@example.net','659'),
('70','Merle','Sanford','lavern64@example.org','0'),
('71','Viviane','Stamm','danika.trantow@example.org','397826'),
('72','Evelyn','Becker','farrell.dorothea@example.org','1'),
('73','Cecile','Von','howell.schaefer@example.org','21'),
('74','Nasir','Moore','marley.moen@example.com','8880593948'),
('75','Kathryne','Rodriguez','alexander.toy@example.net','1'),
('76','Sigmund','Kuhn','ikerluke@example.com','875663'),
('77','Misty','Connelly','herzog.providenci@example.net','1'),
('78','Federico','Ritchie','rgraham@example.org','0'),
('79','Valentine','Quigley','aledner@example.org','0'),
('80','Jayde','Walker','jacinto26@example.org','438'),
('81','Hannah','Rau','ckertzmann@example.net','1'),
('82','Viviane','Schowalter','fritsch.lucas@example.com','8946913323'),
('83','Neoma','Botsford','fkautzer@example.org','472102'),
('84','Reanna','Harber','andrew.wilkinson@example.org','0'),
('85','Else','Stiedemann','noemy.haag@example.net','138'),
('86','Luther','Swaniawski','qconnelly@example.org','0'),
('87','Favian','Bernhard','vhammes@example.net','1'),
('88','King','Gerhold','bartell.lynn@example.net','4039341889'),
('89','Kaleigh','Nikolaus','ykuhn@example.net','8433148407'),
('90','Zackary','Mayert','eulah.rohan@example.com','0'),
('91','Vida','Bernier','zbahringer@example.org','243920'),
('92','Cloyd','Quitzon','ozella.bode@example.net','152'),
('93','Lue','Konopelski','juliana60@example.net','769518'),
('94','Cory','Windler','graham.delia@example.org','77'),
('95','Claudia','Jerde','rachelle.fahey@example.com','0'),
('96','Liam','Gibson','markus.brakus@example.com','947291'),
('97','Ewald','Wyman','metz.fredrick@example.org','571939'),
('98','Korbin','Cremin','yesenia67@example.org','67'),
('99','Katelynn','Schiller','jovanny50@example.net','283269'),
('100','Pamela','Feeney','metz.philip@example.org','277598'); 

DROP TABLE IF EXISTS `users_communities`;
CREATE TABLE `users_communities` (
  `user_id` bigint(20) unsigned NOT NULL,
  `community_id` bigint(20) unsigned NOT NULL,
  PRIMARY KEY (`user_id`,`community_id`),
  KEY `community_id` (`community_id`),
  CONSTRAINT `users_communities_ibfk_1` FOREIGN KEY (`user_id`) REFERENCES `users` (`id`),
  CONSTRAINT `users_communities_ibfk_2` FOREIGN KEY (`community_id`) REFERENCES `communities` (`id`)
) ENGINE=InnoDB DEFAULT CHARSET=utf8 COLLATE=utf8_unicode_ci;

INSERT INTO `users_communities` VALUES ('1','1'),
('2','2'),
('3','3'),
('4','4'),
('5','5'),
('6','6'),
('7','7'),
('8','8'),
('9','9'),
('10','10'),
('11','11'),
('12','12'),
('13','13'),
('14','14'),
('15','15'),
('16','16'),
('17','17'),
('18','18'),
('19','19'),
('20','20'),
('21','21'),
('22','22'),
('23','23'),
('24','24'),
('25','25'),
('26','26'),
('27','27'),
('28','28'),
('29','29'),
('30','30'),
('31','31'),
('32','32'),
('33','33'),
('34','34'),
('35','35'),
('36','36'),
('37','37'),
('38','38'),
('39','39'),
('40','40'),
('41','41'),
('42','42'),
('43','43'),
('44','44'),
('45','45'),
('46','1'),
('47','2'),
('48','3'),
('49','4'),
('50','5'),
('51','6'),
('52','7'),
('53','8'),
('54','9'),
('55','10'),
('56','11'),
('57','12'),
('58','13'),
('59','14'),
('60','15'),
('61','16'),
('62','17'),
('63','18'),
('64','19'),
('65','20'),
('66','21'),
('67','22'),
('68','23'),
('69','24'),
('70','25'),
('71','26'),
('72','27'),
('73','28'),
('74','29'),
('75','30'),
('76','31'),
('77','32'),
('78','33'),
('79','34'),
('80','35'),
('81','36'),
('82','37'),
('83','38'),
('84','39'),
('85','40'),
('86','41'),
('87','42'),
('88','43'),
('89','44'),
('90','45'),
('91','1'),
('92','2'),
('93','3'),
('94','4'),
('95','5'),
('96','6'),
('97','7'),
('98','8'),
('99','9'),
('100','10'); 

DROP TABLE IF EXISTS `messages`;
CREATE TABLE `messages` (
  `id` bigint(20) unsigned NOT NULL AUTO_INCREMENT,
  `from_user_id` bigint(20) unsigned NOT NULL,
  `to_user_id` bigint(20) unsigned NOT NULL,
  `body` text COLLATE utf8_unicode_ci DEFAULT NULL,
  `created_at` datetime DEFAULT current_timestamp(),
  PRIMARY KEY (`id`),
  KEY `messages_from_user_id` (`from_user_id`),
  KEY `messages_to_user_id` (`to_user_id`),
  CONSTRAINT `messages_ibfk_1` FOREIGN KEY (`from_user_id`) REFERENCES `users` (`id`),
  CONSTRAINT `messages_ibfk_2` FOREIGN KEY (`to_user_id`) REFERENCES `users` (`id`)
) ENGINE=InnoDB AUTO_INCREMENT=11 DEFAULT CHARSET=utf8 COLLATE=utf8_unicode_ci;

INSERT INTO `messages` VALUES ('1','1','1','Alias quibusdam sint voluptatibus eos cumque voluptates non. Enim consequuntur distinctio ut et alias veritatis. Modi minima consequuntur est sed et.','1973-03-13 23:27:22'),
('2','2','2','Ad officiis voluptatem possimus ut expedita. Qui hic eaque distinctio nihil tenetur.','2012-03-01 00:37:23'),
('3','3','3','Non vitae quia ratione iusto dignissimos voluptatem. Doloribus voluptatem nam saepe. Natus repudiandae et blanditiis blanditiis.','1979-04-04 21:47:04'),
('4','4','4','Tenetur ut sunt veniam debitis voluptatem vel vitae. Nisi eius iure odio dolor enim suscipit nemo. Vero sit esse eos quia et perferendis.','1998-11-16 00:05:41'),
('5','5','5','Ut numquam in voluptatem voluptatem. Qui est totam debitis officiis delectus qui. Ad vel nostrum dignissimos ut fugiat.','2016-08-11 13:39:41'),
('6','6','6','Assumenda nihil sit ea beatae aliquam deserunt magni. Numquam quia repellendus est. Suscipit molestiae nostrum voluptatem qui porro quo. Omnis enim deleniti tempore animi.','2017-12-07 15:12:25'),
('7','7','7','Non et consectetur nesciunt quo voluptatem ut. Enim vel unde voluptatem eum autem. Eius ad consequatur qui.','1992-05-01 21:10:37'),
('8','8','8','Ex rem rerum velit quo. Dolorem a similique ea eaque at quaerat magnam. Quasi odio modi ducimus id molestiae. Recusandae consequatur facere id non sint sed.','2008-10-09 04:25:29'),
('9','9','9','In beatae ipsa tempora. Nulla nihil laborum laudantium quia in alias. Qui veniam sint sit.','2010-12-08 19:48:42'),
('10','10','10','Est alias libero facilis. Nisi soluta non animi praesentium. Ut necessitatibus expedita qui sit sunt. Labore blanditiis et quis veniam. Pariatur officia dolorem est illum occaecati incidunt.','2014-07-13 08:10:51'); 


DROP TABLE IF EXISTS `communities`;
CREATE TABLE `communities` (
  `id` bigint(20) unsigned NOT NULL AUTO_INCREMENT,
  `name` varchar(150) COLLATE utf8_unicode_ci DEFAULT NULL,
  PRIMARY KEY (`id`),
  KEY `communities_name_idx` (`name`)
) ENGINE=InnoDB AUTO_INCREMENT=46 DEFAULT CHARSET=utf8 COLLATE=utf8_unicode_ci;

INSERT INTO `communities` VALUES ('7','accusamus'),
('21','aliquam'),
('8','architecto'),
('35','consequatur'),
('26','cupiditate'),
('32','dolor'),
('40','dolorem'),
('44','dolores'),
('42','ea'),
('1','est'),
('45','est'),
('3','et'),
('4','et'),
('10','et'),
('11','et'),
('12','et'),
('29','et'),
('38','expedita'),
('18','explicabo'),
('17','fuga'),
('9','harum'),
('13','id'),
('2','inventore'),
('23','laudantium'),
('31','libero'),
('37','minus'),
('14','natus'),
('19','placeat'),
('24','qui'),
('15','quibusdam'),
('20','quis'),
('43','quis'),
('27','quisquam'),
('33','rem'),
('6','sapiente'),
('28','sapiente'),
('39','sed'),
('34','sit'),
('30','soluta'),
('36','tempora'),
('41','totam'),
('5','unde'),
('22','ut'),
('16','velit'),
('25','voluptas'); 


DROP TABLE IF EXISTS `friend_requests`;
CREATE TABLE `friend_requests` (
  `initiator_user_id` bigint(20) unsigned NOT NULL,
  `target_user_id` bigint(20) unsigned NOT NULL,
  `status` enum('requested','approved','unfriended','declined') COLLATE utf8_unicode_ci DEFAULT NULL,
  `requested_at` datetime DEFAULT current_timestamp(),
  `confirmed_at` datetime DEFAULT NULL,
  PRIMARY KEY (`initiator_user_id`,`target_user_id`),
  KEY `initiator_user_id` (`initiator_user_id`),
  KEY `target_user_id` (`target_user_id`),
  CONSTRAINT `friend_requests_ibfk_1` FOREIGN KEY (`initiator_user_id`) REFERENCES `users` (`id`),
  CONSTRAINT `friend_requests_ibfk_2` FOREIGN KEY (`target_user_id`) REFERENCES `users` (`id`)
) ENGINE=InnoDB DEFAULT CHARSET=utf8 COLLATE=utf8_unicode_ci;

INSERT INTO `friend_requests` VALUES ('1','1','unfriended','2005-01-22 17:35:07','2015-07-16 17:01:06'),
('2','2','approved','1993-07-09 09:41:18','2015-03-03 05:47:21'),
('3','3','unfriended','1983-06-18 16:03:09','1982-04-22 03:47:55'),
('4','4','declined','1979-03-28 05:14:41','2004-06-01 21:54:56'),
('5','5','requested','2004-05-06 18:53:34','1975-08-09 21:54:08'),
('6','6','unfriended','1970-06-23 21:41:38','1997-07-10 01:17:48'),
('7','7','declined','1996-08-23 22:27:24','1973-04-25 18:04:51'),
('8','8','approved','1997-07-21 07:27:08','1986-02-15 06:44:26'),
('9','9','requested','2000-01-02 19:52:06','1985-09-24 23:32:13'),
('10','10','unfriended','1988-12-03 01:54:44','1992-06-03 15:23:28'),
('11','11','approved','2017-12-26 01:20:11','1971-09-29 21:54:31'),
('12','12','requested','1992-08-22 06:45:15','1987-12-31 00:16:18'),
('13','13','requested','1981-02-14 19:43:37','1984-05-04 05:28:46'),
('14','14','requested','2009-02-12 07:52:30','1999-03-07 23:08:18'),
('15','15','declined','2010-06-20 01:43:57','2019-03-26 14:11:11'),
('16','16','declined','2019-10-07 15:42:43','2010-01-02 13:59:04'),
('17','17','requested','2016-08-02 00:02:13','1989-04-17 17:00:12'),
('18','18','declined','2004-10-12 13:05:58','1983-09-27 22:15:05'),
('19','19','requested','1984-03-27 17:08:48','1998-08-06 20:44:31'),
('20','20','declined','1995-06-26 11:35:39','2000-08-06 03:34:54'),
('21','21','requested','2010-12-02 19:03:44','2001-09-13 01:43:46'),
('22','22','declined','1975-08-22 15:04:39','1978-08-06 03:56:01'),
('23','23','declined','2009-12-20 20:07:03','2010-04-23 13:16:47'),
('24','24','unfriended','1995-07-05 22:55:35','1992-02-06 11:44:26'),
('25','25','approved','2014-07-23 11:33:48','1997-09-15 08:12:26'),
('26','26','approved','1983-03-05 15:49:23','1973-03-07 21:13:10'),
('27','27','approved','1999-06-06 08:28:57','2010-10-29 14:51:03'),
('28','28','declined','1991-06-23 13:54:18','1982-05-03 10:00:08'),
('29','29','requested','1995-05-04 02:45:22','1973-01-14 11:54:03'),
('30','30','unfriended','1980-06-24 12:54:08','1989-02-23 01:31:36'),
('31','31','unfriended','2006-03-01 14:01:18','2019-06-22 02:13:04'),
('32','32','requested','2012-11-01 00:55:58','1979-10-31 01:37:39'),
('33','33','requested','2003-07-15 14:06:05','2011-02-17 04:18:24'),
('34','34','unfriended','1973-09-10 09:22:21','2009-01-22 07:37:46'),
('35','35','declined','1991-01-08 07:46:52','2002-03-25 08:45:22'),
('36','36','unfriended','1976-12-06 15:42:54','1978-02-07 23:14:42'),
('37','37','unfriended','1972-03-10 08:25:33','2009-09-08 17:48:47'),
('38','38','unfriended','2013-02-27 14:42:39','1990-01-03 00:51:01'),
('39','39','approved','2014-01-01 00:04:32','2018-05-09 22:44:03'),
('40','40','requested','2013-01-26 06:09:56','2005-07-05 09:36:58'),
('41','41','declined','2016-11-12 02:59:09','2012-12-23 00:33:45'),
('42','42','requested','1971-09-16 16:59:32','2017-08-22 11:06:15'),
('43','43','requested','2013-10-20 17:15:16','2011-07-29 18:57:51'),
('44','44','requested','1981-07-07 21:31:23','2015-04-08 13:34:58'),
('45','45','approved','1996-06-23 06:21:52','1985-09-29 21:02:05'),
('46','46','requested','1987-01-16 16:35:56','2009-07-03 17:51:15'),
('47','47','approved','2008-07-05 21:20:33','2018-03-19 14:03:20'),
('48','48','unfriended','1975-04-30 12:46:39','2002-10-13 19:03:03'),
('49','49','declined','1977-11-09 15:53:53','2010-03-23 04:20:03'),
('50','50','unfriended','1997-01-14 20:55:16','2014-05-17 18:41:16'),
('51','51','declined','2015-12-18 21:25:23','2012-06-17 03:16:19'),
('52','52','approved','2000-01-08 21:12:23','1978-01-24 08:50:43'),
('53','53','requested','2013-06-08 10:17:57','1986-05-12 10:31:13'),
('54','54','declined','1975-01-25 19:57:29','1971-01-01 03:04:31'),
('55','55','declined','1971-03-03 10:31:03','1986-10-21 16:52:32'),
('56','56','declined','2019-08-25 14:23:49','1970-04-17 05:57:21'),
('57','57','unfriended','2000-02-07 22:08:41','2010-12-20 18:38:53'),
('58','58','declined','2011-03-11 02:49:03','2001-03-08 10:00:40'),
('59','59','requested','1978-01-12 08:49:30','1972-10-27 17:58:50'),
('60','60','declined','1998-04-26 00:21:08','1976-11-22 23:54:02'),
('61','61','approved','1998-08-28 11:19:40','1994-04-29 19:22:42'),
('62','62','declined','2006-12-27 08:13:53','2013-09-16 18:31:45'),
('63','63','approved','1998-06-24 20:18:16','2005-04-28 22:40:07'),
('64','64','requested','1992-01-30 13:36:19','1977-03-15 21:33:11'),
('65','65','approved','1970-02-02 19:58:47','1981-10-30 01:16:23'),
('66','66','approved','2001-12-18 01:06:38','1991-06-13 08:57:55'),
('67','67','declined','2010-05-19 19:41:30','2000-08-20 17:40:11'),
('68','68','unfriended','1991-04-23 11:47:13','1985-08-18 21:32:29'),
('69','69','unfriended','1999-10-20 18:04:40','1999-03-01 09:07:41'),
('70','70','declined','2004-05-08 10:59:44','2014-01-01 03:48:19'),
('71','71','approved','2004-03-07 05:05:10','1977-05-28 03:29:50'),
('72','72','approved','2002-03-25 05:43:01','1987-05-30 20:08:16'),
('73','73','unfriended','2003-02-13 19:10:16','2004-09-04 02:37:20'),
('74','74','approved','2002-04-07 05:05:24','1991-09-13 18:42:45'),
('75','75','declined','2005-05-20 20:55:13','2005-09-11 06:59:27'),
('76','76','declined','2017-01-23 07:55:27','1976-02-25 18:01:52'),
('77','77','requested','2012-07-14 21:58:42','1998-04-16 11:43:53'),
('78','78','requested','2006-07-03 09:42:49','1974-02-08 08:03:19'),
('79','79','approved','1991-10-03 09:49:08','1974-10-30 01:59:44'),
('80','80','unfriended','1987-08-06 12:35:17','2002-11-13 05:26:56'),
('81','81','unfriended','1973-10-09 20:47:01','2007-12-09 01:49:39'),
('82','82','requested','2019-04-27 21:56:42','1979-04-01 14:08:08'),
('83','83','declined','1978-01-05 07:48:39','1980-08-11 07:18:26'),
('84','84','approved','2013-02-15 02:13:59','1998-05-18 09:09:00'),
('85','85','approved','1993-07-03 18:51:46','2002-02-04 14:11:41'),
('86','86','approved','2003-11-15 15:28:34','1978-01-21 16:19:46'),
('87','87','approved','2004-06-08 18:09:27','1999-01-02 21:40:22'),
('88','88','unfriended','2018-12-14 15:52:54','2001-06-24 22:05:03'),
('89','89','declined','2005-03-27 18:42:09','1978-01-24 04:42:03'),
('90','90','declined','1972-03-21 02:37:19','1970-03-10 03:35:34'),
('91','91','declined','1987-09-30 15:51:29','1983-03-13 06:22:05'),
('92','92','approved','1976-01-15 01:40:04','2000-03-09 06:20:59'),
('93','93','unfriended','1976-10-07 07:44:27','1971-07-30 12:42:55'),
('94','94','unfriended','2018-02-24 23:20:15','1993-08-02 01:51:24'),
('95','95','requested','1997-04-02 11:46:02','2018-01-22 06:50:48'),
('96','96','requested','1999-08-14 02:13:27','1989-03-28 16:09:45'),
('97','97','declined','1972-12-30 14:47:05','2001-12-19 22:04:10'),
('98','98','approved','2002-03-08 15:55:30','2017-10-19 14:29:19'),
('99','99','unfriended','1988-12-01 22:32:43','1997-05-01 13:43:42'),
('100','100','unfriended','2000-12-28 10:17:10','2014-10-15 19:04:49'); 


DROP TABLE IF EXISTS `likes`;
CREATE TABLE `likes` (
  `id` bigint(20) unsigned NOT NULL AUTO_INCREMENT,
  `user_id` bigint(20) unsigned NOT NULL,
  `media_id` bigint(20) unsigned NOT NULL,
  `created_at` datetime DEFAULT current_timestamp(),
  PRIMARY KEY (`id`)
) ENGINE=InnoDB AUTO_INCREMENT=101 DEFAULT CHARSET=utf8 COLLATE=utf8_unicode_ci;

INSERT INTO `likes` VALUES ('1','1','1','2001-04-13 13:50:44'),
('2','2','2','1979-06-23 06:12:04'),
('3','3','3','1981-02-18 06:16:37'),
('4','4','4','1983-10-28 22:42:47'),
('5','5','5','2004-11-30 05:03:42'),
('6','6','6','1970-10-12 09:05:02'),
('7','7','7','1972-06-15 04:40:03'),
('8','8','8','1979-03-07 18:50:53'),
('9','9','9','2010-10-27 10:07:50'),
('10','10','10','1992-12-31 14:54:26'),
('11','11','11','1972-10-16 19:18:10'),
('12','12','12','2015-09-21 04:16:09'),
('13','13','13','1982-05-02 01:32:10'),
('14','14','14','2019-05-25 14:51:35'),
('15','15','15','1974-06-17 07:56:51'),
('16','16','16','1974-04-23 22:57:27'),
('17','17','17','1992-07-05 21:23:54'),
('18','18','18','2006-06-10 07:00:38'),
('19','19','19','1975-08-24 22:15:15'),
('20','20','20','1972-08-30 14:02:59'),
('21','21','21','1972-12-04 17:51:58'),
('22','22','22','1974-08-15 12:38:39'),
('23','23','23','2011-06-11 03:09:01'),
('24','24','24','2012-12-12 12:47:16'),
('25','25','25','2015-08-02 07:29:07'),
('26','26','26','2004-08-06 02:03:36'),
('27','27','27','1989-06-04 05:21:26'),
('28','28','28','1972-12-19 07:49:07'),
('29','29','29','1981-07-27 07:26:36'),
('30','30','30','1984-06-07 14:18:27'),
('31','31','31','1972-02-15 15:11:54'),
('32','32','32','1984-12-08 18:03:27'),
('33','33','33','1971-12-15 21:18:25'),
('34','34','34','2019-11-27 10:40:43'),
('35','35','35','1982-04-03 19:06:23'),
('36','36','36','2005-04-04 01:31:04'),
('37','37','37','1984-10-17 22:07:22'),
('38','38','38','2015-11-18 16:26:16'),
('39','39','39','1989-05-18 09:16:55'),
('40','40','40','1972-06-10 15:31:41'),
('41','41','41','1984-05-14 20:02:30'),
('42','42','42','2005-10-07 14:01:11'),
('43','43','43','1999-01-27 21:29:34'),
('44','44','44','2015-07-16 00:59:26'),
('45','45','45','2019-12-28 22:05:47'),
('46','46','46','2006-05-11 20:13:52'),
('47','47','47','1981-04-21 03:59:09'),
('48','48','48','1997-06-02 08:54:52'),
('49','49','49','1984-09-27 02:04:30'),
('50','50','50','2011-09-29 04:40:39'),
('51','51','1','1974-10-22 15:08:48'),
('52','52','2','1992-08-03 04:31:46'),
('53','53','3','1975-09-06 23:56:34'),
('54','54','4','2011-01-07 10:02:46'),
('55','55','5','1999-04-24 17:31:04'),
('56','56','6','1994-06-15 15:39:46'),
('57','57','7','2019-05-17 09:07:28'),
('58','58','8','1978-03-18 08:31:49'),
('59','59','9','1976-06-14 16:15:42'),
('60','60','10','1991-11-09 20:18:48'),
('61','61','11','2005-08-14 05:08:47'),
('62','62','12','1976-03-06 20:41:11'),
('63','63','13','1990-09-09 02:03:48'),
('64','64','14','2004-03-10 01:31:05'),
('65','65','15','1990-04-03 03:02:08'),
('66','66','16','1996-08-11 13:52:11'),
('67','67','17','2011-08-18 20:38:02'),
('68','68','18','1980-03-09 15:53:23'),
('69','69','19','1998-02-06 20:34:43'),
('70','70','20','1999-05-12 06:01:15'),
('71','71','21','2015-02-19 18:29:56'),
('72','72','22','1984-12-18 04:51:29'),
('73','73','23','1999-12-22 09:23:18'),
('74','74','24','1972-07-03 03:01:05'),
('75','75','25','1977-11-03 16:27:46'),
('76','76','26','2004-06-09 15:32:59'),
('77','77','27','1974-11-25 01:58:12'),
('78','78','28','2009-05-14 16:10:27'),
('79','79','29','2014-10-22 02:56:32'),
('80','80','30','1998-12-31 12:30:28'),
('81','81','31','2009-11-25 11:24:40'),
('82','82','32','2019-03-19 00:28:34'),
('83','83','33','1978-05-14 08:19:18'),
('84','84','34','2005-02-13 05:01:33'),
('85','85','35','2012-12-14 06:16:17'),
('86','86','36','1980-03-19 02:55:48'),
('87','87','37','1993-10-02 15:44:35'),
('88','88','38','2002-06-27 16:23:41'),
('89','89','39','1979-06-13 23:58:20'),
('90','90','40','1998-01-18 09:07:01'),
('91','91','41','1982-11-19 09:44:06'),
('92','92','42','1999-02-10 10:33:08'),
('93','93','43','1985-02-17 17:49:28'),
('94','94','44','1989-10-08 16:05:50'),
('95','95','45','1993-06-29 23:20:35'),
('96','96','46','2018-06-08 16:44:18'),
('97','97','47','2017-01-30 11:50:07'),
('98','98','48','1970-06-24 06:44:13'),
('99','99','49','2000-10-07 18:18:32'),
('100','100','50','1989-07-24 12:47:41'); 


DROP TABLE IF EXISTS `media`;
CREATE TABLE `media` (
  `id` bigint(20) unsigned NOT NULL AUTO_INCREMENT,
  `media_type_id` bigint(20) unsigned NOT NULL,
  `user_id` bigint(20) unsigned NOT NULL,
  `body` text COLLATE utf8_unicode_ci DEFAULT NULL,
  `filename` varchar(255) COLLATE utf8_unicode_ci DEFAULT NULL,
  `size` int(11) DEFAULT NULL,
  `metadata` longtext CHARACTER SET utf8mb4 COLLATE utf8mb4_bin DEFAULT NULL,
  `created_at` datetime DEFAULT current_timestamp(),
  `updated_at` datetime DEFAULT current_timestamp() ON UPDATE current_timestamp(),
  PRIMARY KEY (`id`),
  KEY `user_id` (`user_id`),
  KEY `media_type_id` (`media_type_id`),
  CONSTRAINT `media_ibfk_1` FOREIGN KEY (`user_id`) REFERENCES `users` (`id`),
  CONSTRAINT `media_ibfk_2` FOREIGN KEY (`media_type_id`) REFERENCES `media_types` (`id`)
) ENGINE=InnoDB AUTO_INCREMENT=51 DEFAULT CHARSET=utf8 COLLATE=utf8_unicode_ci;

INSERT INTO `media` VALUES ('1','1','1','Repellendus officiis officia magnam in molestias quasi aut. Excepturi suscipit veritatis id omnis quo aut at. Est ab amet aut sapiente minus ducimus culpa.','quae','79',NULL,'2013-04-10 12:36:32','1981-05-07 13:55:36'),
('2','2','2','Id quos consequatur vel pariatur porro. Optio ea qui modi possimus illo. Et maxime quia facere accusantium sint sunt aperiam voluptatum. Sed saepe vel dolores iusto et.','nam','586614176',NULL,'1970-08-24 22:31:22','1972-02-15 04:20:27'),
('3','3','3','Aut odit repellat ratione enim doloribus et. Alias quos quia omnis. Ullam libero tenetur dolorem est rem iste. Maxime quis illo nulla non rerum ducimus et dolorem.','asperiores','35',NULL,'2004-05-03 19:46:39','1996-06-05 08:12:09'),
('4','4','4','Error aspernatur deleniti aliquam libero facilis voluptatibus aspernatur. Est voluptas neque vel ratione ab delectus. A nisi iusto asperiores veniam accusantium nihil.','et','438178981',NULL,'2016-08-16 13:52:35','2007-02-16 11:24:12'),
('5','5','5','Rem consequatur ad ut voluptatem qui quidem voluptates. Molestiae quae sint ipsam neque sint id neque.','nemo','22311',NULL,'2012-02-12 18:23:41','1985-01-01 04:01:19'),
('6','6','6','Natus quasi et aspernatur quasi aperiam voluptatibus ab. Fuga nostrum odit sunt voluptatem est sint ea.','officia','0',NULL,'1979-01-17 13:12:33','2000-08-09 08:20:36'),
('7','7','7','Consequuntur quia voluptatem dolorem qui deserunt saepe. Enim consequatur possimus velit voluptatibus ut ut eveniet. Nostrum dicta quibusdam nostrum atque maxime sapiente. Delectus aut facere cum natus.','consequuntur','29561',NULL,'2007-08-23 00:34:20','2013-04-23 11:40:53'),
('8','8','8','Minima itaque est recusandae eum quis. Omnis hic libero incidunt. Quidem voluptatum impedit a et ut sit aut. Voluptatem rerum et incidunt et praesentium.','facilis','426',NULL,'1981-07-15 17:27:54','1972-09-09 16:16:57'),
('9','9','9','Ducimus molestias tempora quo pariatur. Explicabo a incidunt non reprehenderit.','quia','71471474',NULL,'1990-07-23 02:25:52','1978-09-09 06:32:48'),
('10','10','10','Voluptas assumenda id quis ut hic laborum quas. Dolor et quos eaque impedit natus et.','eveniet','384',NULL,'1974-08-09 03:36:05','1979-03-03 22:48:55'),
('11','1','11','Eos voluptatem nesciunt amet quia aut expedita. In autem nemo illo aut deleniti quo qui. Et hic atque eaque aut autem.','fugiat','703318',NULL,'1973-03-16 17:50:11','1993-11-24 20:08:27'),
('12','2','12','Ab saepe suscipit iste vel accusantium. Itaque est temporibus neque.','consectetur','75',NULL,'2002-04-09 04:38:56','1991-02-08 08:11:17'),
('13','3','13','Alias veniam enim ipsum. Natus non hic voluptates esse sint asperiores. Id et non voluptas exercitationem. Nihil eveniet tempore iste sint consequatur ea consequatur.','rerum','53247',NULL,'1986-10-28 23:52:56','2005-03-28 14:02:43'),
('14','4','14','Quaerat debitis cupiditate nemo dolorum qui quo eaque libero. Dolorum est architecto autem dicta. Amet et quam architecto totam culpa delectus. Voluptatem alias quasi explicabo eos corrupti enim labore ducimus.','vel','383681',NULL,'1971-04-10 16:10:30','2012-02-17 14:25:23'),
('15','5','15','Commodi quia sit est nisi omnis molestiae repudiandae. Omnis omnis et debitis voluptatem. Et aut culpa aperiam.','consequatur','41297222',NULL,'1983-09-26 09:57:33','2006-05-31 14:07:13'),
('16','6','16','Sint iure nihil voluptas aut voluptas voluptas. Consequatur debitis quo dolorem explicabo autem cum. Ut voluptatem perspiciatis error incidunt. Ullam et atque quidem id quos.','ad','8',NULL,'1997-06-10 16:42:21','2004-01-06 02:18:36'),
('17','7','17','Ut aperiam et pariatur officia magnam sed in quam. Veniam voluptates voluptas repellat dolor maiores. Non quia vitae omnis quo. Officiis doloremque voluptas quia voluptatem temporibus aspernatur.','eligendi','549559201',NULL,'1986-10-14 09:49:04','1991-11-16 02:11:10'),
('18','8','18','Quae fuga perferendis ut nostrum maiores. Deleniti sit tenetur eos non sapiente ea. Aspernatur possimus magni soluta.','quos','0',NULL,'1981-04-08 02:35:45','1975-07-25 05:25:38'),
('19','9','19','Impedit sapiente molestiae maxime voluptatem. Autem consequatur dolorum est nam voluptates et numquam. Error perferendis qui vel quos est. Reiciendis animi pariatur aspernatur.','doloremque','959549',NULL,'1976-05-02 16:29:08','2007-06-24 05:39:44'),
('20','10','20','Et et sunt at neque nobis. Et dolores debitis aut ipsum est. Est voluptas ut sed aut.','cupiditate','488617827',NULL,'2000-02-17 11:43:44','1990-01-12 15:33:21'),
('21','1','21','Est blanditiis dolor cum earum. Reprehenderit rerum quaerat et id. Est soluta non quae eum voluptas. Quaerat fugit rem in asperiores.','minus','124',NULL,'2014-09-16 20:25:58','1986-09-17 04:16:15'),
('22','2','22','Est qui blanditiis perspiciatis. Quae inventore voluptatibus odit ex sed tempora. Necessitatibus sint ut vel eligendi consequatur. Facere similique rem a nemo rerum et.','necessitatibus','2886047',NULL,'1975-05-17 02:12:13','1992-07-16 04:43:21'),
('23','3','23','Voluptatum quia nihil culpa tempore dolor enim error. Explicabo officia officiis iusto sit quas. Enim et accusantium nesciunt quasi.','est','72185396',NULL,'1995-02-28 01:39:31','1989-02-27 00:14:47'),
('24','4','24','Ratione dolor vel necessitatibus. Sequi et et dolorem sit. Est officiis voluptatum ad est quibusdam aspernatur optio. Assumenda quia rerum id quas.','et','1444974',NULL,'2004-01-11 10:59:50','2017-09-07 02:59:31'),
('25','5','25','Repellat dignissimos rerum necessitatibus tenetur reprehenderit voluptatem aut. Quas quia vero dolor tenetur vitae illum. Quia eos debitis repellendus voluptatibus deleniti modi. Molestias necessitatibus voluptas consequatur. Recusandae facilis nemo debitis quo dicta sint sunt.','quisquam','0',NULL,'2002-07-11 17:57:27','2001-11-30 02:20:59'),
('26','6','26','Illum quisquam blanditiis quas quidem aspernatur. Quas non ut accusamus id. Cupiditate repellendus sunt veritatis dignissimos.','quia','9222',NULL,'1997-09-26 03:27:13','1975-01-19 17:09:08'),
('27','7','27','Voluptatem rerum atque incidunt facilis pariatur rerum aut. Qui ea eveniet numquam nesciunt in perferendis aliquam. Illo enim quod ut unde delectus ut sint.','et','826801',NULL,'1995-01-20 12:01:50','1979-02-06 23:35:32'),
('28','8','28','Eos sint molestiae rem dolore iusto accusamus. Vel sed minus vero quod sunt. Numquam ducimus repudiandae ea voluptates. Magnam unde harum ducimus repudiandae corrupti eum doloremque.','aut','0',NULL,'2006-08-01 07:01:50','2012-01-24 00:24:07'),
('29','9','29','Nobis enim illum est nostrum illum. Sit et veritatis ipsum. Id ut et culpa non id ad. Sed harum laudantium hic animi eius veritatis et.','odio','155',NULL,'2004-05-01 21:52:27','1999-11-02 02:37:02'),
('30','10','30','Quo qui eos aut. Ut aut et est. Cupiditate velit fuga asperiores explicabo tenetur. Hic et ad possimus eum iste ipsam.','enim','0',NULL,'1970-05-23 13:53:27','1990-03-22 18:24:50'),
('31','1','31','Nihil placeat quidem qui temporibus ut. Reiciendis dolor est quisquam quis quia laudantium. Sed quis aspernatur cumque.','sapiente','58060',NULL,'1971-08-16 01:05:16','1998-04-04 00:25:05'),
('32','2','32','Quam cum numquam facilis in in. Praesentium deleniti sed excepturi delectus sed. Vitae voluptas nisi facere iusto.','assumenda','3811050',NULL,'2008-07-02 21:23:53','1993-06-29 15:09:17'),
('33','3','33','Et tempore non culpa neque. Possimus dolorum et tenetur est non. Impedit voluptatem asperiores ducimus et nesciunt mollitia quisquam.','fugiat','5639',NULL,'2014-09-24 07:54:10','1990-02-22 07:43:36'),
('34','4','34','Explicabo dolores incidunt aperiam animi quis. Accusantium delectus perspiciatis odio ab minima dolor. Ipsum dolores atque sit.','magnam','19789',NULL,'1971-12-29 09:15:16','1993-01-05 11:25:02'),
('35','5','35','Eum quidem qui consequatur debitis. Voluptatem voluptates ad iste voluptatem nihil quae officiis consequatur. Impedit sint officiis et itaque doloremque. Reprehenderit ut aut aut adipisci.','alias','104962',NULL,'1988-05-08 21:38:50','2019-05-30 07:05:19'),
('36','6','36','Enim natus a cupiditate dolores. Voluptas est est beatae numquam. Deleniti minima hic tempora repudiandae quo non cumque dolor. Autem enim impedit sit optio est est impedit quis.','eligendi','69423',NULL,'2001-09-11 06:43:30','2011-09-23 08:06:59'),
('37','7','37','Maxime exercitationem neque sit quia iure maxime. Eius deleniti incidunt cum non molestiae et. Pariatur dignissimos aut debitis quo.','dolor','0',NULL,'2005-09-20 11:37:34','2007-12-01 06:25:19'),
('38','8','38','Ratione sit ex voluptatem. Incidunt molestiae numquam saepe. Debitis quo blanditiis tempora iure deleniti placeat ex aliquid. Fuga veritatis nostrum aliquid error et.','dolor','575229686',NULL,'1979-03-10 07:09:32','1975-09-16 19:03:46'),
('39','9','39','Corrupti aut facilis eaque. Aut consequuntur voluptatem enim sint corrupti vitae a. Laudantium sit consequatur voluptate et. Incidunt ut vitae dolorem ut. Doloremque aut adipisci deleniti est magnam sit praesentium expedita.','perferendis','3',NULL,'1995-03-02 07:07:17','2000-12-10 07:43:52'),
('40','10','40','Adipisci debitis magni illum optio sint cupiditate qui. Ipsum aspernatur ex doloribus in molestias voluptatum. Ut sequi enim reiciendis inventore ut dolorum expedita vero. Et aliquam quaerat modi dolor magnam.','numquam','537244',NULL,'1998-05-05 13:54:04','2009-10-09 17:56:31'),
('41','1','41','Ad consequuntur aut illo ab accusamus minima modi iusto. Mollitia qui sed dolor eum sint inventore iste.','aliquid','8',NULL,'2017-10-02 18:42:50','1982-08-04 12:49:17'),
('42','2','42','Fugiat commodi quis est dolorem. Nobis qui quibusdam vero. Quis et nobis cumque repudiandae.','suscipit','98507',NULL,'2002-11-14 21:26:16','2005-02-24 00:22:48'),
('43','3','43','Qui est sunt quaerat similique labore deleniti fuga. Corporis dicta commodi nihil. Provident sit harum corporis odit molestiae.','accusamus','72493',NULL,'1995-09-24 23:40:08','1981-01-03 21:47:50'),
('44','4','44','Molestiae qui praesentium molestiae officia saepe. Dolorem qui quisquam rerum quam. Sed voluptates dolorum sed sequi voluptatem quis. Esse eveniet ut pariatur dolor.','autem','3310631',NULL,'2001-02-15 00:13:11','1979-03-26 08:01:23'),
('45','5','45','Repellat natus accusantium qui nemo repellat. Omnis recusandae consectetur adipisci error mollitia exercitationem fuga. Commodi ut quibusdam quidem corrupti. Veniam excepturi quas minus quis eum et dolore.','similique','6434',NULL,'1991-05-11 17:55:00','2005-02-02 14:15:16'),
('46','6','46','Soluta vitae voluptas perspiciatis. Repudiandae quis esse quis reprehenderit necessitatibus tenetur laborum est. Doloremque deserunt iste sed alias amet.','voluptatem','482',NULL,'1984-05-16 07:04:02','2006-01-17 08:22:24'),
('47','7','47','Et sunt et non itaque aut aliquid. Corporis neque dolor nemo. Voluptas voluptas dolorem eaque numquam. Nesciunt saepe eum rerum rem hic unde.','et','137116',NULL,'2017-10-08 19:27:28','1976-04-04 23:52:42'),
('48','8','48','Fuga error illo nulla nam iure facere. Pariatur voluptatem nulla ut qui et in. Quidem a libero a sed facilis minima sint. Eligendi sed est deleniti alias sit.','velit','5543100',NULL,'1977-02-07 12:43:31','1970-03-24 09:11:24'),
('49','9','49','Ad officiis aut a minus quia amet. Ut assumenda perspiciatis id labore aliquid. Enim qui doloribus eos ut doloribus. Rerum error aperiam fuga excepturi at tempore.','quisquam','57777',NULL,'2005-01-15 19:44:01','1987-06-22 08:17:43'),
('50','10','50','Modi corrupti aut et autem. Veniam nostrum numquam illum accusantium suscipit. Unde ut facere dolore ullam explicabo rerum nemo officia.','fuga','4680069',NULL,'1991-06-21 05:03:11','1989-06-26 05:17:47'); 


DROP TABLE IF EXISTS `media_types`;
CREATE TABLE `media_types` (
  `id` bigint(20) unsigned NOT NULL AUTO_INCREMENT,
  `name` varchar(255) COLLATE utf8_unicode_ci DEFAULT NULL,
  `created_at` datetime DEFAULT current_timestamp(),
  `updated_at` datetime DEFAULT current_timestamp() ON UPDATE current_timestamp(),
  PRIMARY KEY (`id`)
) ENGINE=InnoDB AUTO_INCREMENT=11 DEFAULT CHARSET=utf8 COLLATE=utf8_unicode_ci;

INSERT INTO `media_types` VALUES ('1','odit','1971-11-17 09:44:15','1971-10-07 15:02:35'),
('2','distinctio','2012-09-04 22:46:07','2003-06-07 03:17:53'),
('3','quo','2018-03-10 08:49:06','1987-04-13 11:10:42'),
('4','sit','1982-11-24 05:27:29','2013-09-30 07:57:56'),
('5','autem','2017-09-10 09:08:07','1987-05-30 17:20:11'),
('6','quos','2010-06-10 09:16:31','1974-05-04 13:21:55'),
('7','et','1993-02-23 08:04:46','1995-08-17 00:59:43'),
('8','nostrum','1974-03-18 18:05:04','1973-01-30 07:24:23'),
('9','hic','2006-12-03 19:12:39','1980-07-11 22:47:50'),
('10','est','1998-05-21 09:47:30','1986-07-02 22:26:48'); 


DROP TABLE IF EXISTS `photo_albums`;
CREATE TABLE `photo_albums` (
  `id` bigint(20) unsigned NOT NULL AUTO_INCREMENT,
  `name` varchar(255) COLLATE utf8_unicode_ci DEFAULT NULL,
  `user_id` bigint(20) unsigned DEFAULT NULL,
  PRIMARY KEY (`id`),
  UNIQUE KEY `id` (`id`),
  KEY `user_id` (`user_id`),
  CONSTRAINT `photo_albums_ibfk_1` FOREIGN KEY (`user_id`) REFERENCES `users` (`id`)
) ENGINE=InnoDB AUTO_INCREMENT=101 DEFAULT CHARSET=utf8 COLLATE=utf8_unicode_ci;

INSERT INTO `photo_albums` VALUES ('1','illum','1'),
('2','occaecati','2'),
('3','animi','3'),
('4','in','4'),
('5','ut','5'),
('6','aut','6'),
('7','nihil','7'),
('8','qui','8'),
('9','et','9'),
('10','quisquam','10'),
('11','dolores','11'),
('12','voluptate','12'),
('13','cumque','13'),
('14','nesciunt','14'),
('15','porro','15'),
('16','voluptatibus','16'),
('17','voluptas','17'),
('18','rerum','18'),
('19','qui','19'),
('20','non','20'),
('21','et','21'),
('22','et','22'),
('23','rerum','23'),
('24','delectus','24'),
('25','nihil','25'),
('26','est','26'),
('27','suscipit','27'),
('28','incidunt','28'),
('29','dolor','29'),
('30','aperiam','30'),
('31','eos','31'),
('32','necessitatibus','32'),
('33','ab','33'),
('34','sed','34'),
('35','sint','35'),
('36','nam','36'),
('37','laudantium','37'),
('38','illo','38'),
('39','labore','39'),
('40','incidunt','40'),
('41','reiciendis','41'),
('42','minima','42'),
('43','fugiat','43'),
('44','quos','44'),
('45','sit','45'),
('46','laborum','46'),
('47','dolorem','47'),
('48','officiis','48'),
('49','velit','49'),
('50','esse','50'),
('51','veniam','51'),
('52','suscipit','52'),
('53','est','53'),
('54','eaque','54'),
('55','exercitationem','55'),
('56','et','56'),
('57','praesentium','57'),
('58','reprehenderit','58'),
('59','dolor','59'),
('60','ipsa','60'),
('61','illum','61'),
('62','in','62'),
('63','et','63'),
('64','laboriosam','64'),
('65','culpa','65'),
('66','eum','66'),
('67','ut','67'),
('68','sed','68'),
('69','sapiente','69'),
('70','debitis','70'),
('71','provident','71'),
('72','et','72'),
('73','amet','73'),
('74','accusantium','74'),
('75','nihil','75'),
('76','occaecati','76'),
('77','et','77'),
('78','voluptas','78'),
('79','quia','79'),
('80','dolor','80'),
('81','autem','81'),
('82','cum','82'),
('83','est','83'),
('84','in','84'),
('85','ut','85'),
('86','ex','86'),
('87','maiores','87'),
('88','maxime','88'),
('89','beatae','89'),
('90','esse','90'),
('91','velit','91'),
('92','voluptatibus','92'),
('93','sint','93'),
('94','odit','94'),
('95','facilis','95'),
('96','at','96'),
('97','cupiditate','97'),
('98','officia','98'),
('99','repudiandae','99'),
('100','esse','100'); 


DROP TABLE IF EXISTS `photos`;
CREATE TABLE `photos` (
  `id` bigint(20) unsigned NOT NULL AUTO_INCREMENT,
  `album_id` bigint(20) unsigned NOT NULL,
  `media_id` bigint(20) unsigned NOT NULL,
  PRIMARY KEY (`id`),
  KEY `album_id` (`album_id`),
  KEY `media_id` (`media_id`),
  CONSTRAINT `photos_ibfk_1` FOREIGN KEY (`album_id`) REFERENCES `photo_albums` (`id`),
  CONSTRAINT `photos_ibfk_2` FOREIGN KEY (`media_id`) REFERENCES `media` (`id`)
) ENGINE=InnoDB AUTO_INCREMENT=101 DEFAULT CHARSET=utf8 COLLATE=utf8_unicode_ci;

INSERT INTO `photos` VALUES ('1','1','1'),
('2','2','2'),
('3','3','3'),
('4','4','4'),
('5','5','5'),
('6','6','6'),
('7','7','7'),
('8','8','8'),
('9','9','9'),
('10','10','10'),
('11','11','11'),
('12','12','12'),
('13','13','13'),
('14','14','14'),
('15','15','15'),
('16','16','16'),
('17','17','17'),
('18','18','18'),
('19','19','19'),
('20','20','20'),
('21','21','21'),
('22','22','22'),
('23','23','23'),
('24','24','24'),
('25','25','25'),
('26','26','26'),
('27','27','27'),
('28','28','28'),
('29','29','29'),
('30','30','30'),
('31','31','31'),
('32','32','32'),
('33','33','33'),
('34','34','34'),
('35','35','35'),
('36','36','36'),
('37','37','37'),
('38','38','38'),
('39','39','39'),
('40','40','40'),
('41','41','41'),
('42','42','42'),
('43','43','43'),
('44','44','44'),
('45','45','45'),
('46','46','46'),
('47','47','47'),
('48','48','48'),
('49','49','49'),
('50','50','50'),
('51','51','1'),
('52','52','2'),
('53','53','3'),
('54','54','4'),
('55','55','5'),
('56','56','6'),
('57','57','7'),
('58','58','8'),
('59','59','9'),
('60','60','10'),
('61','61','11'),
('62','62','12'),
('63','63','13'),
('64','64','14'),
('65','65','15'),
('66','66','16'),
('67','67','17'),
('68','68','18'),
('69','69','19'),
('70','70','20'),
('71','71','21'),
('72','72','22'),
('73','73','23'),
('74','74','24'),
('75','75','25'),
('76','76','26'),
('77','77','27'),
('78','78','28'),
('79','79','29'),
('80','80','30'),
('81','81','31'),
('82','82','32'),
('83','83','33'),
('84','84','34'),
('85','85','35'),
('86','86','36'),
('87','87','37'),
('88','88','38'),
('89','89','39'),
('90','90','40'),
('91','91','41'),
('92','92','42'),
('93','93','43'),
('94','94','44'),
('95','95','45'),
('96','96','46'),
('97','97','47'),
('98','98','48'),
('99','99','49'),
('100','100','50'); 


DROP TABLE IF EXISTS `profiles`;
CREATE TABLE `profiles` (
  `user_id` bigint(20) unsigned NOT NULL AUTO_INCREMENT,
  `gender` char(1) COLLATE utf8_unicode_ci DEFAULT NULL,
  `birthday` date DEFAULT NULL,
  `photo_id` bigint(20) unsigned DEFAULT NULL,
  `created_at` datetime DEFAULT current_timestamp(),
  `hometown` varchar(100) COLLATE utf8_unicode_ci DEFAULT NULL,
  `is_active` bool unsigned default false,
  PRIMARY KEY (`user_id`),
  CONSTRAINT `profiles_ibfk_1` FOREIGN KEY (`user_id`) REFERENCES `users` (`id`) ON UPDATE CASCADE
) ENGINE=InnoDB AUTO_INCREMENT=101 DEFAULT CHARSET=utf8 COLLATE=utf8_unicode_ci;

INSERT INTO `profiles` VALUES ('1',NULL,'1972-02-22','1','1990-04-13 06:52:22',NULL),
('2',NULL,'1977-04-23','2','2011-11-29 14:06:51',NULL),
('3',NULL,'1977-03-08','3','2001-02-26 07:30:21',NULL),
('4',NULL,'2008-01-20','4','2009-12-03 23:50:44',NULL),
('5',NULL,'1990-03-06','5','2014-02-10 21:23:34',NULL),
('6',NULL,'1982-09-18','6','2018-09-11 11:56:06',NULL),
('7',NULL,'2009-01-25','7','2018-09-28 23:15:45',NULL),
('8',NULL,'1989-07-13','8','1988-06-01 17:34:42',NULL),
('9',NULL,'2011-06-24','9','1983-11-07 23:35:45',NULL),
('10',NULL,'1999-12-24','10','1978-07-10 02:49:20',NULL),
('11',NULL,'1993-04-27','11','1985-08-03 10:55:08',NULL),
('12',NULL,'1982-11-28','12','2006-09-24 19:26:58',NULL),
('13',NULL,'1977-02-08','13','1998-07-08 08:27:57',NULL),
('14',NULL,'2005-09-08','14','1996-05-29 09:12:59',NULL),
('15',NULL,'2006-01-16','15','2007-08-05 03:11:07',NULL),
('16',NULL,'2000-07-01','16','1979-03-21 12:44:52',NULL),
('17',NULL,'1992-12-26','17','1992-04-05 14:06:21',NULL),
('18',NULL,'1996-09-10','18','2001-07-17 11:44:37',NULL),
('19',NULL,'1986-10-29','19','1987-01-05 05:29:16',NULL),
('20',NULL,'2016-02-07','20','1995-02-20 09:23:18',NULL),
('21',NULL,'1976-06-24','21','1970-12-26 20:13:25',NULL),
('22',NULL,'1973-10-04','22','1994-12-08 22:17:11',NULL),
('23',NULL,'2007-04-06','23','2008-06-15 20:41:32',NULL),
('24',NULL,'1976-02-27','24','2019-11-11 11:20:43',NULL),
('25',NULL,'1986-08-31','25','1986-04-09 07:13:24',NULL),
('26',NULL,'1988-11-16','26','2019-12-05 21:46:22',NULL),
('27',NULL,'1978-01-05','27','2019-12-31 04:56:42',NULL),
('28',NULL,'1975-09-17','28','2001-09-04 11:42:13',NULL),
('29',NULL,'2018-11-24','29','2011-08-10 12:16:58',NULL),
('30',NULL,'2005-12-30','30','2016-01-29 20:09:10',NULL),
('31',NULL,'1988-01-19','31','2000-02-14 20:23:45',NULL),
('32',NULL,'1985-11-03','32','1986-03-14 01:02:11',NULL),
('33',NULL,'1970-11-23','33','1989-01-18 08:47:41',NULL),
('34',NULL,'1982-04-28','34','1972-05-01 07:16:21',NULL),
('35',NULL,'1980-04-29','35','2001-09-08 05:24:50',NULL),
('36',NULL,'1996-05-30','36','1974-02-23 05:42:55',NULL),
('37',NULL,'2016-05-09','37','1985-11-20 06:09:17',NULL),
('38',NULL,'1995-06-07','38','1998-08-30 04:53:06',NULL),
('39',NULL,'1982-11-30','39','1984-08-01 19:54:35',NULL),
('40',NULL,'1995-06-14','40','1994-04-22 15:30:55',NULL),
('41',NULL,'2005-03-18','41','1986-11-09 03:03:48',NULL),
('42',NULL,'2015-01-12','42','1984-05-23 10:03:59',NULL),
('43',NULL,'2014-02-21','43','2002-01-31 19:32:36',NULL),
('44',NULL,'1985-02-11','44','1979-05-26 06:15:33',NULL),
('45',NULL,'1999-02-14','45','1994-06-19 19:15:23',NULL),
('46',NULL,'1980-01-19','46','1990-01-02 08:02:20',NULL),
('47',NULL,'2010-09-03','47','1978-08-14 05:32:08',NULL),
('48',NULL,'2010-03-25','48','2011-08-24 21:10:10',NULL),
('49',NULL,'2005-04-04','49','1978-10-30 23:40:04',NULL),
('50',NULL,'1978-12-25','50','2013-10-08 07:08:55',NULL),
('51',NULL,'1996-06-23','51','1982-05-15 04:04:24',NULL),
('52',NULL,'1989-01-07','52','2007-07-15 23:54:22',NULL),
('53',NULL,'2007-08-18','53','2012-03-14 15:51:51',NULL),
('54',NULL,'1992-01-24','54','2008-09-26 01:59:05',NULL),
('55',NULL,'2018-05-07','55','1973-06-21 10:02:53',NULL),
('56',NULL,'1973-12-21','56','1977-11-24 09:14:25',NULL),
('57',NULL,'2019-05-24','57','1976-01-20 05:31:42',NULL),
('58',NULL,'1982-12-05','58','2011-08-13 17:27:29',NULL),
('59',NULL,'1995-02-19','59','2001-03-27 08:40:03',NULL),
('60',NULL,'2007-03-24','60','1975-09-24 02:46:56',NULL),
('61',NULL,'1995-06-24','61','1989-12-26 07:34:49',NULL),
('62',NULL,'2015-08-22','62','1976-05-03 09:27:33',NULL),
('63',NULL,'1970-09-29','63','1973-12-28 16:30:39',NULL),
('64',NULL,'2005-05-07','64','1974-07-19 03:00:55',NULL),
('65',NULL,'1993-05-09','65','1970-10-18 21:04:10',NULL),
('66',NULL,'2014-05-01','66','2015-05-28 11:09:39',NULL),
('67',NULL,'2010-10-03','67','2016-11-17 03:17:51',NULL),
('68',NULL,'1982-05-20','68','2015-02-20 19:34:01',NULL),
('69',NULL,'2011-11-05','69','1989-05-21 09:36:42',NULL),
('70',NULL,'1979-02-05','70','1982-08-19 17:41:04',NULL),
('71',NULL,'2000-07-30','71','2001-09-27 03:24:44',NULL),
('72',NULL,'2000-02-26','72','1978-02-10 19:51:02',NULL),
('73',NULL,'1992-03-16','73','1982-02-17 03:09:17',NULL),
('74',NULL,'1999-01-07','74','1973-09-26 02:09:08',NULL),
('75',NULL,'1999-03-29','75','2007-06-15 10:27:57',NULL),
('76',NULL,'1996-08-03','76','2015-05-28 13:30:42',NULL),
('77',NULL,'2019-09-29','77','1994-03-18 02:48:31',NULL),
('78',NULL,'1977-05-22','78','1994-05-31 08:55:16',NULL),
('79',NULL,'1973-04-04','79','2017-07-02 17:00:06',NULL),
('80',NULL,'1971-10-06','80','2002-07-09 23:56:49',NULL),
('81',NULL,'1977-06-16','81','2001-02-23 09:58:16',NULL),
('82',NULL,'1979-05-06','82','2018-10-28 23:52:57',NULL),
('83',NULL,'2000-10-12','83','1982-01-06 17:11:45',NULL),
('84',NULL,'1979-12-13','84','1971-08-17 05:09:31',NULL),
('85',NULL,'1981-03-01','85','1971-03-16 18:10:14',NULL),
('86',NULL,'2015-10-14','86','1998-09-14 10:41:31',NULL),
('87',NULL,'1986-03-31','87','2012-01-12 11:51:02',NULL),
('88',NULL,'2002-11-24','88','1984-02-19 18:46:12',NULL),
('89',NULL,'2019-05-06','89','2007-08-24 06:42:38',NULL),
('90',NULL,'1975-10-05','90','2018-08-18 07:41:26',NULL),
('91',NULL,'2003-06-05','91','1995-05-02 00:49:22',NULL),
('92',NULL,'1985-07-13','92','2006-05-12 19:42:31',NULL),
('93',NULL,'1996-12-25','93','1990-10-02 04:04:50',NULL),
('94',NULL,'2010-05-11','94','1986-10-10 08:38:36',NULL),
('95',NULL,'1987-02-07','95','1972-05-15 19:28:46',NULL),
('96',NULL,'1982-08-27','96','1972-08-09 22:42:08',NULL),
('97',NULL,'2017-04-06','97','2017-09-08 19:44:59',NULL),
('98',NULL,'2006-06-18','98','2013-05-08 02:44:16',NULL),
('99',NULL,'2017-12-12','99','1976-07-01 02:51:44',NULL),
('100',NULL,'1998-02-20','100','2016-04-15 07:49:45',NULL); 


